ID,Category,Type,Question,Option_A,Option_B,Option_C,Option_D,Option_E,Answer,Explanation
Q001,消防專業課程,TrueFalse,發現火災時，原則上先大喊「失火了、失火了、失火了」，告知大家有火災。,O,X,,,,O,
Q002,消防專業課程,TrueFalse,偵煙式住宅用火災警報器裝在廚房最適合，因為廚房比較容易發生火災。,O,X,,,,X,定溫式
Q003,消防專業課程,TrueFalse,室內消防栓之操作，應先按警鈴並打開消防栓箱，拿出瞄子後拉出水帶，最後轉制水閥，方可滅火。,O,X,,,,O,按開拿拉轉
Q004,消防專業課程,TrueFalse,當自家門外發生火災，手觸摸門板有高溫，此時只要「關門」就地避難，再打開窗戶，等待救援。,O,X,,,,O,
Q005,消防專業課程,TrueFalse,滅火器最新使用口訣為「拉、瞄、壓、掃」。,O,X,,,,O,
Q006,消防專業課程,TrueFalse,使用滅火器時，應站在下風位置接近火點，並將皮管瞄準火鈑根部掃射。,O,X,,,,X,
Q007,消防專業課程,TrueFalse,火災發生時，為了要迅速逃離火場，可搭乘電梯較快。,O,X,,,,X,
Q008,消防專業課程,TrueFalse,當火災發生，而遭遇到濃煙時，應採用「低姿勢」逃到「相對安全區域」。,O,X,,,,O,
Q009,消防專業課程,TrueFalse,滅火器最新使用方法是拉（安全插梢）、拉（噴嘴皮管）、壓（把柄）。,O,X,,,,X,
Q010,消防專業課程,TrueFalse,家裡發生火災時，趕快躲浴室較安全，因為浴室有水，可用來滅火。,O,X,,,,X,
Q011,消防專業課程,SingleChoice,防範火災發生是？,消防員,警察,學生,大家的責任,,4,
Q012,消防專業課程,SingleChoice,安全門的主要用途為？,防盜,阻隔火煙,滅火,變賣,,2,
Q013,消防專業課程,SingleChoice,火災現場充滿濃煙，逃生時哪裡有殘餘空氣可利用？,靠天板處,靠地面約20到30公分處,靠高層樓處,以上皆是,,2,
Q014,消防專業課程,SingleChoice,下列何者是火場中的頭號殺手？,濃煙,高溫,火焰,以上皆是,,1,
Q015,消防專業課程,SingleChoice,防火防災教育訓練之目的，下列何者為非？,普及火災預防意識,提升防災知識,提升辦公效率,提升災害發生時之處置判斷及應變能力,,3,
Q016,消防專業課程,SingleChoice,台灣的建築物火災，以住宅火災佔多數，如發生火災，下列何項消防安全設備，可發揮早期預警之功能,一氧化碳警報器,住宅用火災警報器,緊急照明燈,緩降機,,2,
Q017,消防專業課程,SingleChoice,臺北市消防局視訊119APP的功能有？,即時定位報案人地點,播放CPR流程影片及搜尋附近的AED,即時發布地震警報,以上皆是,,1,
Q018,消防專業課程,SingleChoice,室內消防栓的使用口訣？,拿、開、按、拉、轉,開、按、拿、轉、拉,按、開、拿、拉、轉,按、開、轉、拿、拉,,3,
Q019,消防專業課程,SingleChoice,下列「初期滅火」何者為非？,初期滅火應將滅火器直接丟入火源中,初期滅火班人員可分工一人滅火一人找尋滅火器以集中連續使用,滅火班可適時利用室內消防栓接近火點進行滅火,使用滅火器撲滅火勢時，確定無觸電之虞，應再加以澆水降溫,,1,
Q020,消防專業課程,SingleChoice,哪一個選項是災害防救法第2條裡面所提到的災害？,火災,震災,土石流災害,以上皆是,,4,
Q021,消防專業課程,SingleChoice,何種物質工廠起火燃燒不得使用水撲滅？,木材,紙張,鉀(禁水性物質),,,3,
Q022,消防專業課程,SingleChoice,電器火災又稱之為,A類火災,B類火災,C類火災,D類火災,,3,通電中之電氣設備，如電器、馬達、引擎、變壓器、電線、手機、電視或其他家電用品等，均屬電器火災。
Q023,消防專業課程,SingleChoice,當有人溺水時，不可用哪一種方法施救？,使喚別人也入水救援溺者,使用竹竿,使用救生圈,使用現場現有衣物連接一起，丟給溺者,,1,
Q024,消防專業課程,SingleChoice,有關地震知識，下列敘述何者錯誤？,地震規模，通常以芮氏規模表示,震度0級為無感地震,震度從最低0級至最高7級，總共分為8級,震度從最低0級至最高7級，總共分為10級,,3,震度從最低0級至最高7級，總共分為10級不是8級
Q025,消防專業課程,SingleChoice,滅火器之使用要領含有以下abcd四項，其中分別為a瞄準火源根部b拉插梢c壓握把d向火源左右掃射，請問其順序為何？,cbad,bacd,bcad,acbd,,2,「拉、瞄、壓、掃」
Q026,民防役專業訓練考題,SingleChoice,有關制定「民防法」主要目的，下列敘述何者錯誤？,為有效運用民力，發揮民間自衛自救功能,共同防護人民生命、身體、財產安全，以達平時防災救護,戰時有效支援軍事任務,增加民防人員生活津貼、補助每月聯誼活動費,,4,
Q027,民防役專業訓練考題,SingleChoice,依據「民防團隊編組訓練演習服勤及支援軍事勤務辦法」，下列何者非民防大隊任務範圍？,配合警察要求代查電視者戶役政資料,執行轄內空襲災害防護,協助防空避難設備管理維護,協助搶救重大災害,協助維持地方治安及戰時支援軍事勤務任務,1,
Q028,民防役專業訓練考題,SingleChoice,有關「民防法」主管機關下列敘述何者有誤？,中央為內政部,中央為全動署,直轄市為直轄市政府,在縣（市）為縣（市）政府,,2,中央為內政部不是全動署
Q029,民防役專業訓練考題,SingleChoice,有關臺北市政府民防團隊編組，下列敘述何者錯誤？,警察局編管單位計有民防大隊、義警大隊及工程搶修大隊,現任民防總隊指揮官1人，由市長蔣萬安擔任,現有編制12個民防團、456個民防分團,戰時災民收容站由社會局編管,,1,工程搶修大隊不屬於警察局的編管單位，而是由直轄市、縣（市）政府工務局負責編組。
Q030,民防役專業訓練考題,SingleChoice,依據「民防團隊編組訓練演習服勤及支援軍事勤務辦法」，下列何者非義勇警察大隊任務範圍？,協助防竊防盜,執行轄內獨居長者送餐勤務,協助警戒勤務,協助警察勤務,戰時支援軍事勤務任務,2,
Q031,民防役專業訓練考題,SingleChoice,有關「民防法」第4條特種防護團編組機構，下列敘述何者錯誤？,鐵路南港站可以設置特種防護團編組,基隆港可以設置特種防護團,松山機場可以設置特種防護團,政治大學可以設置特種防護團,,4,特種防護團： 僅限於「鐵路、公路、港口、航空站、電信、電力、煉油及自來水公民營事業機構」應編組設置。其設置目的主要是為了保護國家關鍵基礎設施與特定特種技術工程的搶修。
Q032,民防役專業訓練考題,SingleChoice,有關「民防法」第4條防護團編組機構，下列敘述何者錯誤？,台電可以設置防護團編組,行政院可以設置防護團編組,興隆國小可以設置防護團編組,萬芳醫院可以設置防護團編組,,1,應編組為「特種防護團」，而非一般的「防護團」。
Q033,民防役專業訓練考題,SingleChoice,有關「民防法」第8條下列敘述何者正確？,參加民防團隊編組人員接受訓練、演習、服勤時，辦理機關（構）得依實際需要供給膳宿,參加民防團隊編組人員接受訓練，無提供交通工具或不發放代金,民防人員接受訓練、演習、服勤期間，應自行請事假參加,民防人員接受訓練期間，每日可領取3千元新台幣,,1,
Q034,民防役專業訓練考題,SingleChoice,依據「民防團隊編組訓練演習服勤及支援軍事勤務辦法」，下列何者非交通義勇警察大隊任務範圍？,協助整理交通秩序,協助交通指揮、疏導與管制,協助護鈔勤務,協助交通事故處理、交通設施損壞通報及維護,協助空襲及戰時交通指揮、疏導與管制及其他經指定之警察勤務,3,
Q035,民防役專業訓練考題,SingleChoice,依據「民防團隊編組訓練演習服勤及支援軍事勤務辦法」，下列何者為村（里）社區守望相助巡守大隊任務範圍？,協助國家考試試卷運送,協助外國元首訪問交通指揮,協助維護地方治安巡守、急難救護任務,協助鐵拒馬架設及搬運,,3,
Q036,基礎民防法令試題 ,SingleChoice,民防的定義，下列何者有誤？,平時防災救護，戰時有效支援軍事任務,運用軍隊的力量，來確保人民的生命財產安全,共同防護人民身家、財產安全,運用民力，發揮民間自衛自救功能,,2,
Q037,基礎民防法令試題 ,SingleChoice,民防團隊編組訓練演習服勤及支援軍事勤務辦法第16條1新增之各大隊為何？,醫療大隊,環境保護大隊,物資大隊,工程搶修大隊,,3,新增編組的為物資大隊
Q038,基礎民防法令試題 ,SingleChoice,下列何者的主管機關不是內政部？,《災害防救法》,《民防法》,《民防團隊編組訓練演習服勤及支援軍事勤務辦法》,《全民防衛動員準備法》,,4,全民防衛動員準備法（簡稱全動法）的中央主管機關為國防部，並依各項動員準備方案劃分不同的目的事業主管機關
Q039,基礎民防法令試題 ,SingleChoice,學校防護團主要運用誰來協助戰時或平時災害防救相關的勤務工作，內容包括民防、軍勤、交通、運輸、生產、救護與宣導等？,大學生,高中、職青年,義交、義警,教職員工生,,4,
Q040,基礎民防法令試題 ,SingleChoice,我國哪一部法律能有效運用民力，發揮民間自衛自救的功能，達到平時能夠防護救災，戰時能夠有效支援軍事任務？,民防法,災害防救法,戰力綜合協調會報全民防衛動員準備法,國防法,,1,民防主要聚焦在民力的編組與運用。它規範的是地方政府、公司、學校如何把人組織起來（如義警、義消、防護團），進行防空避難、重大災害搶救和治安協助
Q041,基礎民防法令試題 ,SingleChoice,民防工作與軍事勤務相關者，平時由中央主管機關會同哪一單位督導執行？,外交部,內政部,法務部,國防部,,4,
Q042,基礎民防法令試題 ,SingleChoice,各機關對於防空避難設施應加強管理維護，並妥為分配，假設某直轄市、縣（市）政府所屬機關經檢討後，發現其防空避難設施容量不足者，該機關應請洽哪個單位協助規劃避難場所？,該直轄市、縣（市）民防總隊,內政部警政署,內政部消防署,該直轄市、縣（市）警察局,,4,
Q043,基礎民防法令試題 ,SingleChoice,下列何者不是青年服勤動員所依據的法規？,災害防救法,全民防衛動員準備法,民防法,國防法,,4,
Q044,基礎民防法令試題 ,SingleChoice,根據民防團隊編組訓練演習服勤及支援軍事勤務辦法，幹部訓練每年度以幾小時為原則？,四小時,四至六小時,四至八小時,四至十二小時,,4,
Q045,基礎民防法令試題 ,SingleChoice,民防分團勤務編組，以多少人為原則？,六人,八人,二至十二人,八至十二人,,3,
Q046,基礎民防法令試題 ,SingleChoice,各機關員工人數達幾人以上者，應編組防護團？,50人,100人,150人,200人,,2,
Q047,基礎民防法令試題 ,SingleChoice,徵用物資價款處理方式，何者錯誤？,於徵購後，參照市價及新舊程度計算,價款於交付物資時一併給付,徵用原因消滅時須解除徵用,操作人員可一併徵用,,1,應於徵購前進行評定，且價款於物資交付時一併給付。
Q048,基礎民防法令試題 ,SingleChoice,有關城鎮韌性演習之敘述何者錯誤？,將每個縣市視為一個城堡,整合過去多種演習,目前納入萬安演習,救災單位同時參與,,1,
Q049,基礎民防法令試題 ,SingleChoice,循指揮體系下達徵購、徵用命令及生產轉換令，誘導參演部隊運用全民戰力綜合協調組織，遂行軍需物資動員之演習為何？,自強演習,漢光演習,萬安演習,同心演習,,1,屬於重大物力動員演習，其核心目的在於透過指揮體系下達徵購、徵用命令及生產轉換令，引導參演部隊運用「全民戰力綜合協調組織」之平臺，整合各級政府與民間資源，以遂行軍需物資動員及驗證國防工業生產轉換能力。
Q050,基礎民防法令試題 ,SingleChoice,由國防部主導，為國軍部隊每年最重要的實兵演練是？,自強演習,漢光演習,萬安演習,同心演習,,2,
Q051,基礎民防法令試題 ,SingleChoice,民防團隊任務召集通知，應於幾日前送達受召集人？,5日,7日,10日,14日,,3,
Q052,基礎民防法令試題 ,SingleChoice,執行民防團隊工作撫卹金請領規定何者錯誤？,最優先請領者為父母,遺族同一順序有數人時，其撫卹金應平均請領,生前預立遺囑，指定請領撫卹金遺族之順序者，從其遺囑,請領消滅時效為二年,,1,
Q053,基礎民防法令試題 ,SingleChoice,何者非徵用命令項目？,土地,土地改良物,運輸工具,急救藥品,,4,
Q054,基礎民防法令試題 ,SingleChoice,何者並非民防法規定之不得徵用人員？,身心障礙者,列入輔助軍事勤務隊之補充兵及後備軍人者,刑事被告判決定讞者,依公務性質不適參加編組者,,3,
Q055,基礎民防法令試題 ,SingleChoice,某工廠達規模而未依規定編組防護團，經通知限期編組仍未於期限內完成。依《民防法》，得如何處罰？,處1-5萬元罰鍰，並得按日連續處罰,處3-15萬元罰鍰，並得按次連續處罰,處5-20萬元罰鍰，並得按次連續處罰,處3-15萬元罰鍰，但不得連續處罰,,2,兩相似選項，選連續執行
Q056,防空疏散避難測驗題,TrueFalse,防空避難室多位於大樓地下室，戰爭時國防部發布命令，民眾進入避難，惟憲法賦予個人財產權之保障，需所有權人同意，方可進入。,O,X,,,,X,不需所有權人同意
Q057,防空疏散避難測驗題,TrueFalse,建築物所有權人、使用人應維護建築物合法使用與其構造及設備安全。故防空避難設備應避免積水、髒亂，並具備基本照明設備。,O,X,,,,O,
Q058,防空疏散避難測驗題,TrueFalse,發生空襲危難時，村（里）辦公室於聽到緊急警報發放或收到國家級警報簡訊後，立即利用村（里）廣播器請民眾迅速避難，並引導民眾進入防空避難處所。,O,X,,,,O,
Q059,防空疏散避難測驗題,TrueFalse,於防空疏散避難設備堆放雜物，進出口通道應保持暢通之規定者，涉及違反公寓大廈管理條例第十六條第二項，處新臺幣四萬元以上二十萬元以下罰鍰，並得令其限期改善或履行義務。,O,X,,,,O,
Q060,防空疏散避難測驗題,TrueFalse,建築物所有權人、使用人平時於地下層防空避難室放置大型家具等生活用品，且排放整齊乾淨，屬於合理使用範圍，非違規事項。,O,X,,,,X,不可以放東西
Q061,防空疏散避難測驗題,SingleChoice,查詢住家附近防空避難處所，下列透過網頁可查詢到的連結，何者為非？,於各直轄市、（縣）市社會局網站「避難收容資訊」連結,於直轄市、（縣）市警察局網站「防空避難專區」連結,於內政部警政署全球資訊網「防空避難專區」連結,於內政部消防署網站「簡易疏散避難地圖」連結,,1,不是社會局是警政署
Q062,防空疏散避難測驗題,SingleChoice,民防法規定有關「防空疏散避難」，何者錯誤？,國防部得會同有關機關實施防空演習，命令實施疏散避難,屬於民防工作範圍,僅於戰爭發生或將發生時，由國防部命令實施疏散避難，平時防空演習除外,違反疏散避難命令，可處新臺幣三萬元以上十五萬元以下罰鍰,,3, 演習視同戰爭
Q063,防空疏散避難測驗題,SingleChoice,各直轄市、（縣）市政府之防空避難設備檢定、公告，其權責機關為何？,皆屬警察機關權責,分別為主管建築機關、警察機關權責,分別為消防機關、警察機關權責,皆屬消防機關權責,,2,主管機關核定，警察機關公告
Q064,防空疏散避難測驗題,SingleChoice,空襲警報響起時，民眾採取的避難措施，何者錯誤？,於室內民眾，進入地下室或窗戶較少的房間,於室外民眾，進入貼有「防空避難」標示牌處所,於空曠地區，利用周邊地形、地物，採避難姿勢就地掩蔽,於車上民眾，利用車內座位採避難姿勢掩蔽,,4,先下車
Q065,防空疏散避難測驗題,SingleChoice,有關「防空避難姿勢」何者正確？,趴下降低高度、雙手護頭、背對爆炸、穩定靜止等待機會移動,跪姿、雙手護頭、嘴巴稍微張,跪姿、胸口離地、雙手遮膏、鼻，眼睛稍微張,跪姿、胸口離地、雙手遮眼、耳，嘴巴稍微張,,1,
Q066,防空疏散避難測驗題,SingleChoice,民眾透過手機查詢的防空避難處所資訊，下列選項何者最正確？,內政部消防署「防災e點通」APP可查詢,內政部警政署「警政服務」APP可查詢,數位發展部設置的「政府資料開放平台」網站上可查詢,以上皆是,,4,
Q067,防空疏散避難測驗題,SingleChoice,下列何者非國防部全民動員署於全民國防手冊建議的「個人緊急避難包」必備物品？,個人生活日記,個人慢性病藥,收音機,個人身分證件,,1,
Q068,防空疏散避難測驗題,SingleChoice,警察機關於大樓建築物張貼「防空避難標示牌」公告該地下室經核准為防空避難室，防空疏散避難識別使用，下列有關張貼的位置，何者為非？,6樓公寓大樓門牌處,通往12層樓高社區大樓地下室車道出、入口,百貨公司往地下室的電梯門口,校園內往地下室的入口,,3,有爭議，但百貨公司不是公共場所
Q069,防空疏散避難測驗題,SingleChoice,防空避難標示牌上的資訊，下列何者最正確？,防空避難icon,標題（中英文）,方向指引,以上皆是,,4,
Q070,防空疏散避難測驗題,SingleChoice,遇有空襲情形時，「緊急警報音符」，其內容為何？,一長音90秒,一長音兩短音，長音10秒、短音5秒，中間間格5秒，重複3次，共100秒,一長音兩短音，長音15秒、短音5秒，中間間格5秒，重複3次，共115秒,鳴5秒，停5秒，反覆9次，共85秒,,3,
Q071,防情傳遞測驗題 ,TrueFalse,「防情警報」是指空軍作戰指揮部空中管制中心（簡稱空中管制中心）於研判確定有敵機、不明機或飛彈進襲臺灣地區跡象時，所傳遞之「防空情報」及「空襲警報發放命令（含燈火管制）」。,O,X,,,,O,
Q072,防情傳遞測驗題 ,TrueFalse,防情警報的「傳遞聯絡」，是指內政部警政署民防指揮管制所（以下稱民管所），於接獲空中管制中心通報之防情警報後，利用有（無）線電通信系統通報相關機關（構）及下達直轄市、縣（市）政府警察局民防管制中心（以下稱民管中心），並由其通報相關機關（構）及通報或下達各分局、分駐（派出所）、隊警報臺之作為。,O,X,,,,O,
Q073,防情傳遞測驗題 ,TrueFalse,「防空警報器」建置於警察單位，如派出所、警備隊或交通分隊，且24小時有人員看守。,O,X,,,,O,
Q074,防情傳遞測驗題 ,TrueFalse,「警報臺」是指設有防情通信及警報設備之單位，包括分駐（派出）所、警備隊或交通分隊等。,O,X,,,,O,
Q075,防情傳遞測驗題 ,TrueFalse,遙控警報臺：簡稱遙控臺，指有配置中央遙控警報系統終端控制器，可接收內政部警政署民防指揮管制所遠端訊號，遙控發放警報之警報臺。,O,X,,,,O,
Q076,防情傳遞測驗題 ,TrueFalse,人工警報臺：簡稱人工臺，指未配置中央遙控警報系統終端控制器，無法遙控發放警報，接收警報命令後，須以人工操作發放警報之警報臺。,O,X,,,,O,
Q077,防情傳遞測驗題 ,TrueFalse,防空警報音符之種類、內容及用途：緊急警報音符內容為1長音2短音，長音15秒，短音5秒，各音符間隔5秒，連續拉3次，共115秒，用途為通知民眾有空襲狀況，立即實施避難；解除警報音符內容為1長音90秒，用途為通知民眾空襲狀況解除。,O,X,,,,O,
Q078,防情傳遞測驗題 ,TrueFalse,通知民眾有空襲狀況之方式包括：運用警察單位設置之防空警報器發放警報、國防部發布「災防告警細胞廣播訊息」至民眾行動電話、村里辦公室廣播、警車廣播等。,O,X,,,,O,
Q079,防情傳遞測驗題 ,TrueFalse,中共解放軍自111年8月3日起，迄至113年1月25日止，每日均持續派遣軍機、艦艇臺海周邊活動，且經常逾越海峽中線及其延伸線，騷擾我海、空域。,O,X,,,,O,
Q080,防情傳遞測驗題 ,TrueFalse,「自強演習」是針對空襲狀況時，實施警報傳遞與發放、疏散避難及交通管制等演練。,O,X,,,,X,城鎮韌性演習
Q081,防情傳遞測驗題 ,SingleChoice,下列敘述何者錯誤？,警報臺：指設有防空警報設施之分駐（派出）所、警備隊或交通分隊等,警報器：用以發出警報音響之警報設施，各警察單位警報臺原則上採用單配制，僅配置電子式警報器、交流或直流警報器其中1種,遙控警報臺：簡稱遙控臺，指有配置中央遙控警報系統終端控制器，可接收內政部警政署民防指揮管制所遠端訊號，遙控發放警報之警報臺；未配置中央遙控警報系統終端控制器者，則為人工警報臺，簡稱人工臺,,,2,雙配置
Q082,防情傳遞測驗題 ,SingleChoice,防空緊急警報音符內容為__長音__短音，長音__秒，短音__秒，各音符間隔__秒，連續拉__次，共__秒，以上空格分別為？,"2,1,10,5,5,3,115","1,2,15,5,5,3,115","1,2,20,5,5,3,115",,,2,15
Q083,防情傳遞測驗題 ,SingleChoice,有關防空警報音符內容之敘述，何者正確？,解除警報音符為1長音90秒,試轉警報音符為1長音90秒,試放警報音符為1長音90秒,,,1,
Q084,防情傳遞測驗題 ,SingleChoice,何種演習是針對空襲狀況時，實施警報傳遞與發放、疏散避難及交通管制等演練？,萬安演習,民安演習,城鎮韌性演習,,,3,
Q085,防情傳遞測驗題 ,SingleChoice,民眾如何得知發生空襲狀況？,聽聞防空警報器發放的緊急警報音響,行動電話接獲國防部發布的「災防告警細胞廣播訊息」,以上皆是,,,3,
Q086,防情傳遞測驗題 ,SingleChoice,從何官方全球資訊網可得知中共解放軍在臺海周邊海、空域動態資訊？,內政部警政署,消防署,國防部,,,3,
Q087,防情傳遞測驗題 ,SingleChoice,下列敘述何者錯誤？,防空警報器設置於警政單位,內政部警政署可遙控全省警報臺發放防空警報,現行警報臺僅有少部分為遙控警報臺,,,3,
Q088,防情傳遞測驗題 ,SingleChoice,下列何種警報是針對空襲狀況所發布之告警？,海嘯警報,颱風警報,防空警報,,,3,
Q089,防情傳遞測驗題 ,SingleChoice,下列敘述何者正確？,2022年2月24日，俄羅斯入侵烏克蘭，導致雙方數十萬人傷亡，並造成歐洲自第二次世界大戰以來最大的難民危機，戰爭開始的六周內有430萬難民離開烏克蘭，另有710萬人在烏克蘭境內流離失所,2023年10月7日，以哈瑪斯為首的巴勒斯坦武裝團體與以色列軍隊爆發武裝衝突。戰爭始於哈瑪斯對以色列南部的入侵，以色列軍隊旋即報復性空襲巴勒斯坦的加薩走廊，並在數日後開始準備對加薩的地面入侵。該戰爭是贖罪日戰爭以來，數十年來最激烈的一場戰爭,以上皆是,,,3,
Q090,防情傳遞測驗題 ,SingleChoice,要協助民眾防空疏散避難，首要任務為？,正確辨識防空警報音符,熟悉防空疏散避難場所位置,以上皆非,,,1,
Q091,警察勤務介紹與協助勤務要領試題,SingleChoice,依警察勤務條例第3條規定，警察勤務之實施，應晝夜執行，普及轄區，並以行政警察為中心，其他各種警察配合之，下列敘述何者正確？,普及轄區係指永不間斷，規範警察勤務之時間，值班勤務最能彰顯此精神,臺北市政府警察局大安分局偵查隊所屬之刑事警察，配合警勤區劃分其責任區，係屬「行政警察」,連江縣警察局東引警察所，係屬「其他各種警察」,警勤區員警於轄區里民活動中，向社區里民進行宣導，係適用「以行政警察為中心」之警察勤務制度,,4,"A「晝夜執行」：才是指永不間斷、規範警察勤務之時間
B 本質仍屬刑事警察而非行政警察。
C  係屬「行政警察」"
Q092,警察勤務介紹與協助勤務要領試題,SingleChoice,警察勤務原則說明，何者錯誤？,不需符合私生活自由原則,不合警察目的者，不得任意擴張,以不干涉民事法律關係為原則,比例原則要素之一為必要性,,1,
Q093,警察勤務介紹與協助勤務要領試題,SingleChoice,依警察勤務條例規定，下列何者不是勤務方式之執行？,勤區查察、巡邏、臨檢、守望、值班及備勤等六大勤務，得視服勤人數及轄區治安情形，採用巡邏及其他方式互換之，但均以巡邏為主,各級勤務機構因治安需要，得指派人員編組機動隊（組），運用組合警力，在指定地區執行巡邏、路檢、臨檢等勤務,警察局或分局設有各種警察隊（組），依其任務，分派人員，服行各該專屬勤務,共同勤務是由服勤人員依據勤務分配表，輪流交替互換實施,,1,「得視服勤人數及轄區治安情形，採用巡邏及其他方式互換之，但均以巡邏為主」是屬於「共同勤務」的規定，不包含「勤區查察」。
Q094,警察勤務介紹與協助勤務要領試題,SingleChoice,依據警察勤務條例規定，下列何者為錯誤？,分派勤務，力求勞逸平均，動靜工作任務均勻，藉以調節精神體力,警察分局為勤務規劃監督機構，負責轄區警察勤務之規劃、指揮、管制、督導及考核，並對重點性勤務，得逕為執行,警察局或分局設有各種警察隊（組）者，應依其任務，分派人員，服行各該專屬勤務，構成轄區點、線、面，整體勤務之實施,勤前教育之實施，由警察機關視所轄勤務機構實際情形，規定其實施方式、時間及次數,,2,「警察局」誤寫成了「警察分局」
Q095,警察勤務介紹與協助勤務要領試題,SingleChoice,關於執行守望勤務，下列敘述何者錯誤？,活動範圍可在崗位周圍約200公尺內巡視,執行便衣守望勤務，應依任務需要，力求藏於無形,固定式守望勤務以預防危害發生為目標，於轄區之重要地點，設置崗位,為任務需要，得於特定處所設置守望崗,,1,活動範圍應在崗位周圍約50公尺內巡視
Q096,警察勤務介紹與協助勤務要領試題,SingleChoice,依據警察勤務條例規定，請問警察局基於何種情況，須分別實施個別勤務與共同勤務時，得以分局或分駐所、派出所為單位，指派員警專責執行勤區查察？,人口需要,事實需要,業務需要,面積需要,,2,警察局是基於「事實需要」，須將個別勤務與共同勤務分別實施時，才得以分局或分駐所、派出所為單位，指派員警專責執行勤區查察。
Q097,警察勤務介紹與協助勤務要領試題,SingleChoice,警察勤務的運作模式說明，何者錯誤？,反應式勤務可適時提供民眾所請求的服務,反應式勤務較可主動打擊無被害者犯罪,先發式策略易擴大警察機關權限,社區警政為先發式策略,,2,
Q098,警察勤務介紹與協助勤務要領試題,SingleChoice,警察勤務的編組與分類方式，何者錯誤？,現行夜間勤務起迄時間為下午18時至24時,守望屬個別勤務,勤區查察就算雙人編組仍為個別勤務,目前各警察局所轄分駐、派出所為散在制,,2,「守望」並不屬於個別勤務，而是屬於共同勤務。
Q099,警察勤務介紹與協助勤務要領試題,SingleChoice,下列有關警察分駐所、派出所之設置，何者錯誤？,警察分駐所與派出所兩者均被定位為警察勤務執行機構,分駐派出所設置的目的有3個：即組合警勤區、形成治安面以及提供服務站,分駐所、派出所設置或裁併所需經費，由該管警察局陳報內政部警政署編列經費,基於行政裁量權或效率等原因，警察機關在覺得必要時得主動設置分駐派出所,,3,分駐所、派出所設置或裁併所需經費並非由警政署編列，而是由該管地方政府負擔。
Q100,警察勤務介紹與協助勤務要領試題,SingleChoice,警察分局地位說明，何者錯誤？,意義上為派出機關,亦為轄區內各勤務執行機構督導考者,警察分局著重執行重點性勤務,不得聯合多個鄉鎮成立分局,,4,警察分局的轄區規劃是以「治安與警力需要」為原則，可以聯合多個鄉鎮成立一個分局。
Q101,警察勤務介紹與協助勤務要領試題,SingleChoice,有關巡邏勤務之敘述，下列何者正確？,直轄市警察局警備隊負責執行第二層巡邏網，應配合分駐（派出）所轄區實施點線巡邏或集中機動派遣,派出所執行第一層巡邏勤務員警於任務目標區實施小區域步巡時，通常以每秒走1.5步至2步為原則,直轄市警察局之第三層巡邏網係由交通警察大隊負責，應依地區特性及治安、交通事故資料分析，劃分巡邏區，並配合分駐（派出）所轄區規劃巡邏網，選定巡邏要點,巡邏員警出勤時應向勤務指揮中心試通無線電，並向該中心報告「出網」列管，巡邏途中每20分鐘定時報告一次，收勤時應報告經允許後始可關電台收勤，並將巡邏車開回駐地停放，結束巡邏勤務,,2,"A 第二層是由警察分局規劃執行點線巡邏，而非由「直轄市警察局警備隊」
C 直轄市警察局之第三層巡邏網（即機動巡邏網）是由保安警察大隊負責，而非交通警察大隊。
D 「入網」誤寫成了「出網」"
Q102,警察勤務介紹與協助勤務要領試題,SingleChoice,警察分駐（派出所）性質說明，何者錯誤？,結合數個警勤區為其轄區,所長應親自規劃、分配各警勤區個別及共同勤務,警衛派出所無警勤區,得對外行文,,4,派出所不得對外行文
Q103,警察勤務介紹與協助勤務要領試題,SingleChoice,關於勤務指揮中心作業規定對於勤務動態管制的要求，下列敘述何者錯誤？,巡邏勤務原則上採定時報告，每小時不得少於1次,員警駕駛有GPS功能警車或攜帶警用行動載具並登入系統者，即可完全免除所有報告義務,員警遇可疑人車，應於盤查前先向勤指中心報告地點、對象特徵等資訊，盤查結束後亦應回報,巡邏勤務若違反定點定時報告或勤務抽呼查詢規定，應依警察人員獎懲標準懲處,,2,
Q104,警察勤務介紹與協助勤務要領試題,SingleChoice,依據警察勤務條例規定，在警察分局與警察分駐（派出）所之區別上，警察分局係定位於勤務的規劃、指揮、管制、督導與考核之機構，以及重點性勤務執行的機構，請問在警察分局與警察分駐（出）所之間，下列何者屬於這兩者最重要區別？,敬業精神表現與應對能力,工作複雜程度與溝通管道,行政行為表現與經濟規模,員警民主素養與服從態度,,3,
Q105,警察勤務介紹與協助勤務要領試題,SingleChoice,警察勤務方式說明，何者錯誤？,勤區查察可用家戶訪查方式執行,巡邏時可執行檢查、取締、盤詰等工作,備勤時主要在勤務機構待命,臨檢主要工作為警戒、警衛、管制,,4,臨檢主要工作為查緝犯罪、查驗身分與防制違法行為
Q106,警察勤務介紹與協助勤務要領試題,SingleChoice,有關定線與非定線巡邏之敘述，何者錯誤？,定線較易遍及全區,定線容易監督不易偷懶,不定線授權巡邏人員自行選定路線,不定線嚇阻效用較大,,1,「巡邏範圍受限於該既定路線」，因此巡邏所見無法遍及全區。
Q107,警察勤務介紹與協助勤務要領試題,SingleChoice,警察勤務繁重經常影響員警之休假，依「警察機關輪班輪休人員勤休實施要點」規定，有關員警休息時間，下列敘述何者正確？,依其服務機關之輪班輪休制度排定，服勤人員每週應有二日以上之休息時間,如因勤務需要，可調整為每二週內有四日之休息，或每四週內有八日之休息,服勤日中至少應有連續一小時之休息，由各警察機關於服勤時數內調配之，休息時間可計入服勤時數,服勤人員更換班次時，至少應有連續八小時之休息時間,,2,"A 選休息時間比較複雜的。
C 不可以。
D 連續 十一小時 之休息時間。"
Q108,警察勤務介紹與協助勤務要領試題,SingleChoice,勤前教育敘述，何者錯誤？,聯合勤教以派出所為單位,偵查隊可實施基層勤教,基層勤教可檢查裝備服儀,勤教可併計服勤時數,,1,分局為實施單位
Q109,警察勤務介紹與協助勤務要領試題,SingleChoice,警察勤務實施方式與規劃，會隨時代演進而有所不同，有關警察勤務規劃之敘述，下列何者錯誤？,警察勤務有賴縝密規劃，規劃上大約可分為集中制、散在制、集中散在併用制,規劃原則必須是全面性，考量地區治安特性及人力狀況，一天24小時持續不斷的警力,勤務規劃重心，從早期以著重破案率而強調專業化警政，並以犯罪偵查為重點的方式，逐步調整為破案與預防並重模式,社區警政的基本精神是運用民力以預防犯罪，在警察勤務中，則以勤區查察之家戶訪查方式為手段，強調犯罪預防、為民服務及社會治安調查等任務,,3,
Q110,警察勤務介紹與協助勤務要領試題,SingleChoice,聯合指揮所開設敘述，何者錯誤？,3級開設時由勤指中心主任督導運作,發生社會治安狀況時由長官核定2級開設,1級開設時由幕僚長主持,3級開設時編組人員保持正常作息,,3,機關主官（或副主官）主持
